ID Group,Group,ID Subgroup,Subgroup,ID Occupation,Occupation,ID Year,Year,ID State,State,Workforce by Occupation and Gender,Workforce by Occupation and Gender Moe,ACS Occupation yg RCA,Geography,ID Geography,Slug Geography,Median Earnings,Median Earnings Moe,Workforce Prev,Workforce Growth,Median Earnings Prev,Median Earnings Growth,Share
0,"Management, Business, Science, & Arts Occupations",0,"Management, Business, & Financial Occupations",0,"Management Occupations",2022,"2022","04000US48","Texas",82506,2547.0001963093764,1.3122380431147496,"Austin, TX","16000US4805000","austin-tx",182539,8525,75755,8.911622995181837,163827,11.421804708625562,14.460656728974419
0,"Management, Business, Science, & Arts Occupations",0,"Management, Business, & Financial Occupations",1,"Business & Financial Operations Occupations",2022,"2022","04000US48","Texas",50153,2269.4668977537435,1.5253861595169007,"Austin, TX","16000US4805000","austin-tx",153202,7809,46152,8.669180100537355,142374,7.605321196285838,8.79021303818212
0,"Management, Business, Science, & Arts Occupations",1,"Computer, Engineering, & Science Occupations",2,"Computer & Mathematical Occupations",2022,"2022","04000US48","Texas",47922,1959.299109375595,2.3830240140195458,"Austin, TX","16000US4805000","austin-tx",192883,10211,44465,7.77465422242213,174971,10.237125009287254,8.399190262113205
0,"Management, Business, Science, & Arts Occupations",1,"Computer, Engineering, & Science Occupations",3,"Architecture & Engineering Occupations",2022,"2022","04000US48","Texas",20077,1251.0283769763178,1.6372778390295493,"Austin, TX","16000US4805000","austin-tx",189302,10788,20523,-2.173171563611558,173573,9.06189326680993,3.518854448738509
0,"Management, Business, Science, & Arts Occupations",1,"Computer, Engineering, & Science Occupations",4,"Life, Physical, & Social Science Occupations",2022,"2022","04000US48","Texas",8357,862.4389833489672,1.3426504759734068,"Austin, TX","16000US4805000","austin-tx",131650,22510,7957,5.02702023375644,117410,12.128438804190443,1.464714181805435
0,"Management, Business, Science, & Arts Occupations",2,"Education, Legal, Community Service, Arts, & Media Occupations",5,"Community & Social Service Occupations",2022,"2022","04000US48","Texas",8622,989.0768423130733,0.8460856549899418,"Austin, TX","16000US4805000","austin-tx",105739,11080,8426,2.3261333966294804,95293,10.961980418288856,1.5111601861345532
0,"Management, Business, Science, & Arts Occupations",2,"Education, Legal, Community Service, Arts, & Media Occupations",6,"Legal Occupations",2022,"2022","04000US48","Texas",12057,893.9893735386345,1.7850821918113449,"Austin, TX","16000US4805000","austin-tx",217468,23749,11437,5.421002011016875,197107,10.329922326452131,2.113205563004443
0,"Management, Business, Science, & Arts Occupations",2,"Education, Legal, Community Service, Arts, & Media Occupations",7,"Education Instruction, & Library Occupations",2022,"2022","04000US48","Texas",36069,1921.512164936772,1.0223679207337968,"Austin, TX","16000US4805000","austin-tx",97219,7857,36474,-1.1103799967099852,93539,3.934187878852671,6.32173935904514
0,"Management, Business, Science, & Arts Occupations",2,"Education, Legal, Community Service, Arts, & Media Occupations",8,"Arts, Design, Entertainment, Sports, & Media Occupations",2022,"2022","04000US48","Texas",24456,1674.0827339172936,2.0798325370616983,"Austin, TX","16000US4805000","austin-tx",109993,11306,23812,2.7045187300520745,98270,11.929378243614531,4.286352761784578
0,"Management, Business, Science, & Arts Occupations",3,"Healthcare Practitioners & Technical Occupations",9,"Health Diagnosing & Treating Practitioners & Other Technical Occupations",2022,"2022","04000US48","Texas",20199,1312.802346128312,0.8260091092233222,"Austin, TX","16000US4805000","austin-tx",198605,26320,18540,8.94822006472492,190691,4.150169646181519,3.54023713752399
0,"Management, Business, Science, & Arts Occupations",3,"Healthcare Practitioners & Technical Occupations",10,"Health Technologists & Technicians",2022,"2022","04000US48","Texas",7009,764.1177919666574,0.627112829447585,"Austin, TX","16000US4805000","austin-tx",102870,12169,6795,3.1493745401030173,93319,10.234786056430096,1.2284529975199587
1,"Service Occupations",4,"Service Occupations",11,"Healthcare Support Occupations",2022,"2022","04000US48","Texas",9776,1017.656621852381,0.5224157412640862,"Austin, TX","16000US4805000","austin-tx",59381,5498,9182,6.469178828142017,56967,4.237541032527604,1.713419389892298
1,"Service Occupations",4,"Service Occupations",14,"Food Preparation & Serving Related Occupations",2022,"2022","04000US48","Texas",30620,1805.1847550874122,1.0152583752058384,"Austin, TX","16000US4805000","austin-tx",43408,2908,31088,-1.505404014410705,38587,12.49384507735766,5.366704349273952
1,"Service Occupations",4,"Service Occupations",15,"Building & Grounds Cleaning & Maintenance Occupations",2022,"2022","04000US48","Texas",15679,1561.180642975053,0.7890665951928294,"Austin, TX","16000US4805000","austin-tx",52101,6281,16072,-2.4452463912394227,48156,8.192125591826564,2.7480260448160125
1,"Service Occupations",4,"Service Occupations",16,"Personal Care & Service Occupations",2022,"2022","04000US48","Texas",13814,1108.8773602161784,0.9448536648997964,"Austin, TX","16000US4805000","austin-tx",50182,6412,13712,0.7438739789964994,45599,10.050659005679949,2.4211513351035396
1,"Service Occupations",5,"Protective Service Occupations",12,"Fire Fighting & Prevention, & Other Protective Service Workers Including Supervisors",2022,"2022","04000US48","Texas",3932,638.2233151491725,0.5811776093402672,"Austin, TX","16000US4805000","austin-tx",69615,25839,4019,-2.164717591440657,61905,12.45456748243276,0.6891535434795943
1,"Service Occupations",5,"Protective Service Occupations",13,"Law Enforcement Workers Including Supervisors",2022,"2022","04000US48","Texas",1827,460.1401960272543,0.33264400596312294,"Austin, TX","16000US4805000","austin-tx",116378,43313,1793,1.8962632459564976,101488,14.671685322402647,0.32021452795961824
2,"Sales & Office Occupations",6,"Sales & Office Occupations",17,"Sales & Related Occupations",2022,"2022","04000US48","Texas",55210,2013.8068427731591,1.0084938554899134,"Austin, TX","16000US4805000","austin-tx",94492,8967,54286,1.702096304756291,87083,8.507975150144114,9.676543015134387
2,"Sales & Office Occupations",6,"Sales & Office Occupations",18,"Office & Administrative Support Occupations",2022,"2022","04000US48","Texas",50598,2305.069630184737,0.8168624230122546,"Austin, TX","16000US4805000","austin-tx",83213,4111,51900,-2.508670520231214,76081,9.374219581761544,8.868207271866867
3,"Natural Resources, Construction, & Maintenance Occupations",7,"Natural Resources, Construction, & Maintenance Occupations",19,"Farming, Fishing, & Forestry Occupations",2022,"2022","04000US48","Texas",532,235.05105828308876,0.15397927162191763,"Austin, TX","16000US4805000","austin-tx",50326,18204,508,4.724409448818897,46536,8.144232422210763,0.09324254453996547
3,"Natural Resources, Construction, & Maintenance Occupations",7,"Natural Resources, Construction, & Maintenance Occupations",20,"Construction & Extraction Occupations",2022,"2022","04000US48","Texas",22778,1548.3074630059755,0.7994054315370962,"Austin, TX","16000US4805000","austin-tx",67341,18631,24810,-8.19024586860137,62464,7.807697233606557,3.992253157013785
3,"Natural Resources, Construction, & Maintenance Occupations",7,"Natural Resources, Construction, & Maintenance Occupations",21,"Installation, Maintenance, & Repair Occupations",2022,"2022","04000US48","Texas",8788,979.4876211571028,0.5021071743835019,"Austin, TX","16000US4805000","austin-tx",102152,42322,8826,-0.43054611375481533,77202,32.31781560063211,1.5402546643180763
4,"Production, Transportation, & Material Moving Occupations",8,"Production, Transportation, & Material Moving Occupations",22,"Production Occupations",2022,"2022","04000US48","Texas",14541,1274.9972548990056,0.46604383923575154,"Austin, TX","16000US4805000","austin-tx",77075,4350,14216,2.286156443444007,70427,9.439561531798885,2.5485711281121013
4,"Production, Transportation, & Material Moving Occupations",8,"Production, Transportation, & Material Moving Occupations",23,"Transportation Occupations",2022,"2022","04000US48","Texas",13743,1463.017429834655,0.6310451579704998,"Austin, TX","16000US4805000","austin-tx",65408,6309,14031,-2.052597819114817,62935,3.929451020894574,2.408707311302153
0,"Management, Business, Science, & Arts Occupations",0,"Management, Business, & Financial Occupations",0,"Management Occupations",2021,"2021","04000US48","Texas",75755,2447.24763765337,1.2646936228679586,"Austin, TX","16000US4805000","austin-tx",163827,9164,74815,1.2564325335828377,153702,6.58742241480267,13.63466197269288
0,"Management, Business, Science, & Arts Occupations",0,"Management, Business, & Financial Occupations",1,"Business & Financial Operations Occupations",2021,"2021","04000US48","Texas",46152,2006.4667951401539,1.4698345810463067,"Austin, TX","16000US4805000","austin-tx",142374,6790,44486,3.7449984264712493,129948,9.562286453042756,8.306605760196973
0,"Management, Business, Science, & Arts Occupations",1,"Computer, Engineering, & Science Occupations",2,"Computer & Mathematical Occupations",2021,"2021","04000US48","Texas",44465,1982.8126487391592,2.3606769908796674,"Austin, TX","16000US4805000","austin-tx",174971,8726,41095,8.200511011071907,162123,7.924847183928252,8.002973330021634
0,"Management, Business, Science, & Arts Occupations",1,"Computer, Engineering, & Science Occupations",3,"Architecture & Engineering Occupations",2021,"2021","04000US48","Texas",20523,1411.5239990875111,1.7907194897918783,"Austin, TX","16000US4805000","austin-tx",173573,9672,18849,8.881107751074326,164586,5.460367224429782,3.693804602542089
0,"Management, Business, Science, & Arts Occupations",1,"Computer, Engineering, & Science Occupations",4,"Life, Physical, & Social Science Occupations",2021,"2021","04000US48","Texas",7957,912.0548229136228,1.3730951879418694,"Austin, TX","16000US4805000","austin-tx",117410,13465,7329,8.568699686178197,104597,12.249873323326673,1.432129962599396
0,"Management, Business, Science, & Arts Occupations",2,"Education, Legal, Community Service, Arts, & Media Occupations",5,"Community & Social Service Occupations",2021,"2021","04000US48","Texas",8426,898.9421560923705,0.8489096919441278,"Austin, TX","16000US4805000","austin-tx",95293,8330,8503,-0.9055627425614489,90583,5.199651148670281,1.5165422979593453
0,"Management, Business, Science, & Arts Occupations",2,"Education, Legal, Community Service, Arts, & Media Occupations",6,"Legal Occupations",2021,"2021","04000US48","Texas",11437,1029.1826854353894,1.7607550073790816,"Austin, TX","16000US4805000","austin-tx",197107,29909,11633,-1.6848620304306714,183534,7.395359987795177,2.0584730906433695
0,"Management, Business, Science, & Arts Occupations",2,"Education, Legal, Community Service, Arts, & Media Occupations",7,"Education Instruction, & Library Occupations",2021,"2021","04000US48","Texas",36474,1881.5315570034961,1.0646384128128774,"Austin, TX","16000US4805000","austin-tx",93539,5078,37258,-2.104246067958559,88980,5.123623286131715,6.564723923067785
0,"Management, Business, Science, & Arts Occupations",2,"Education, Legal, Community Service, Arts, & Media Occupations",8,"Arts, Design, Entertainment, Sports, & Media Occupations",2021,"2021","04000US48","Texas",23812,1561.4381191709135,2.0950989783174996,"Austin, TX","16000US4805000","austin-tx",98270,6657,25323,-5.966907554397189,90959,8.037687309666993,4.285770852006638
0,"Management, Business, Science, & Arts Occupations",3,"Healthcare Practitioners & Technical Occupations",9,"Health Diagnosing & Treating Practitioners & Other Technical Occupations",2021,"2021","04000US48","Texas",18540,1064.7384655397775,0.7872780470616553,"Austin, TX","16000US4805000","austin-tx",190691,29417,19093,-2.896349447441471,184117,3.5705556792691606,3.3368970097515147
0,"Management, Business, Science, & Arts Occupations",3,"Healthcare Practitioners & Technical Occupations",10,"Health Technologists & Technicians",2021,"2021","04000US48","Texas",6795,637.9858932609717,0.623597085669383,"Austin, TX","16000US4805000","austin-tx",93319,10500,6712,1.2365911799761622,85873,8.670944301468447,1.2229889526031037
1,"Service Occupations",4,"Service Occupations",11,"Healthcare Support Occupations",2021,"2021","04000US48","Texas",9182,921.5883028771578,0.5040548649658285,"Austin, TX","16000US4805000","austin-tx",56967,6357,9774,-6.0568856148966645,56191,1.381004075385738,1.6526099430171741
1,"Service Occupations",4,"Service Occupations",14,"Food Preparation & Serving Related Occupations",2021,"2021","04000US48","Texas",31088,1775.5216134984107,1.0402340463950621,"Austin, TX","16000US4805000","austin-tx",38587,2877,31600,-1.6202531645569622,39074,-1.2463530736551158,5.595331943859497
1,"Service Occupations",4,"Service Occupations",15,"Building & Grounds Cleaning & Maintenance Occupations",2021,"2021","04000US48","Texas",16072,1308.31953283592,0.8052004266374174,"Austin, TX","16000US4805000","austin-tx",48156,4544,17293,-7.060660382813855,44998,7.018089692875239,2.892697343081248
1,"Service Occupations",4,"Service Occupations",16,"Personal Care & Service Occupations",2021,"2021","04000US48","Texas",13712,1260.5494833603323,0.937204227181398,"Austin, TX","16000US4805000","austin-tx",45599,7509,14641,-6.345195000341507,44180,3.211860570393844,2.467935911419243
1,"Service Occupations",5,"Protective Service Occupations",12,"Fire Fighting & Prevention, & Other Protective Service Workers Including Supervisors",2021,"2021","04000US48","Texas",4019,648.5314178973907,0.6143841434009973,"Austin, TX","16000US4805000","austin-tx",61905,24963,3918,2.57784583971414,63066,-1.8409285510417657,0.7233543194277959
1,"Service Occupations",5,"Protective Service Occupations",13,"Law Enforcement Workers Including Supervisors",2021,"2021","04000US48","Texas",1793,473.35504645033626,0.3324019817275047,"Austin, TX","16000US4805000","austin-tx",101488,20627,2027,-11.544153922052294,101990,-0.4922051181488381,0.3227106978686335
2,"Sales & Office Occupations",6,"Sales & Office Occupations",17,"Sales & Related Occupations",2021,"2021","04000US48","Texas",54286,2148.4471136148545,1.0000849802357579,"Austin, TX","16000US4805000","austin-tx",87083,5446,57855,-6.168870451992049,81375,7.0144393241167435,9.77059283017102
2,"Sales & Office Occupations",6,"Sales & Office Occupations",18,"Office & Administrative Support Occupations",2021,"2021","04000US48","Texas",51900,2131.06780746179,0.8420327910296067,"Austin, TX","16000US4805000","austin-tx",76081,3694,53676,-3.3087413369103507,72711,4.6347870335987675,9.341151823414434
3,"Natural Resources, Construction, & Maintenance Occupations",7,"Natural Resources, Construction, & Maintenance Occupations",19,"Farming, Fishing, & Forestry Occupations",2021,"2021","04000US48","Texas",508,266.05450569385215,0.1476743354134896,"Austin, TX","16000US4805000","austin-tx",46536,20079,633,-19.747235387045812,38274,21.58645555729738,0.09143169800182144
3,"Natural Resources, Construction, & Maintenance Occupations",7,"Natural Resources, Construction, & Maintenance Occupations",20,"Construction & Extraction Occupations",2021,"2021","04000US48","Texas",24810,1470.9731472736,0.8889927729694052,"Austin, TX","16000US4805000","austin-tx",62464,13398,26374,-5.930082657162357,58682,6.4449064449064455,4.465394542175571
3,"Natural Resources, Construction, & Maintenance Occupations",7,"Natural Resources, Construction, & Maintenance Occupations",21,"Installation, Maintenance, & Repair Occupations",2021,"2021","04000US48","Texas",8826,850.4128409190444,0.5177900219622185,"Austin, TX","16000US4805000","austin-tx",77202,17830,10247,-13.867473406850786,72884,5.924482739695955,1.5885357609529054
4,"Production, Transportation, & Material Moving Occupations",8,"Production, Transportation, & Material Moving Occupations",22,"Production Occupations",2021,"2021","04000US48","Texas",14216,1125.5096623308038,0.46329428033307585,"Austin, TX","16000US4805000","austin-tx",70427,6400,14607,-2.6767987950982404,65216,7.990370461236507,2.558647674791129
4,"Production, Transportation, & Material Moving Occupations",8,"Production, Transportation, & Material Moving Occupations",23,"Transportation Occupations",2021,"2021","04000US48","Texas",14031,1431.3787060034113,0.6613836320854948,"Austin, TX","16000US4805000","austin-tx",62935,9599,13709,2.348821941790065,61741,1.933885100662445,2.525350698156607
0,"Management, Business, Science, & Arts Occupations",0,"Management, Business, & Financial Occupations",0,"Management Occupations",2020,"2020","04000US48","Texas",74815,2559.7665909219145,1.266089824763734,"Austin, TX","16000US4805000","austin-tx",153702,6137,70602,5.967253052321464,148166,3.736349769852733,13.298340351482166
0,"Management, Business, Science, & Arts Occupations",0,"Management, Business, & Financial Occupations",1,"Business & Financial Operations Occupations",2020,"2020","04000US48","Texas",44486,2159.4578023198324,1.4318522577908555,"Austin, TX","16000US4805000","austin-tx",129948,7039,40619,9.520175287427065,127156,2.1957280820409575,7.907371100394782
0,"Management, Business, Science, & Arts Occupations",1,"Computer, Engineering, & Science Occupations",2,"Computer & Mathematical Occupations",2020,"2020","04000US48","Texas",41095,2138.8101832561015,2.2447235106353864,"Austin, TX","16000US4805000","austin-tx",162123,6594,38342,7.180115799906109,159578,1.5948313677323942,7.304622024248609
0,"Management, Business, Science, & Arts Occupations",1,"Computer, Engineering, & Science Occupations",3,"Architecture & Engineering Occupations",2020,"2020","04000US48","Texas",18849,1357.5603117357255,1.6910237276726172,"Austin, TX","16000US4805000","austin-tx",164586,8507,16743,12.578390969360328,162693,1.1635411480518523,3.350403225089719
0,"Management, Business, Science, & Arts Occupations",1,"Computer, Engineering, & Science Occupations",4,"Life, Physical, & Social Science Occupations",2020,"2020","04000US48","Texas",7329,971.148804251954,1.3109329382083965,"Austin, TX","16000US4805000","austin-tx",104597,16488,6982,4.969922658264108,116429,-10.162416580061668,1.3027272129387528
0,"Management, Business, Science, & Arts Occupations",2,"Education, Legal, Community Service, Arts, & Media Occupations",5,"Community & Social Service Occupations",2020,"2020","04000US48","Texas",8503,910.5256723453766,0.8511798405987375,"Austin, TX","16000US4805000","austin-tx",90583,7990,8064,5.443948412698413,84203,7.576927187867416,1.5114053065381656
0,"Management, Business, Science, & Arts Occupations",2,"Education, Legal, Community Service, Arts, & Media Occupations",6,"Legal Occupations",2020,"2020","04000US48","Texas",11633,936.4320584003946,1.8112651884717568,"Austin, TX","16000US4805000","austin-tx",183534,32359,10599,9.755637324275874,204887,-10.421842283795458,2.067761723034044
0,"Management, Business, Science, & Arts Occupations",2,"Education, Legal, Community Service, Arts, & Media Occupations",7,"Education Instruction, & Library Occupations",2020,"2020","04000US48","Texas",37258,1487.8118160573936,1.080917286621818,"Austin, TX","16000US4805000","austin-tx",88980,5870,36786,1.283096830315881,86105,3.338946634922478,6.622596602493116
0,"Management, Business, Science, & Arts Occupations",2,"Education, Legal, Community Service, Arts, & Media Occupations",8,"Arts, Design, Entertainment, Sports, & Media Occupations",2020,"2020","04000US48","Texas",25323,1678.955032155418,2.2033174760380323,"Austin, TX","16000US4805000","austin-tx",90959,7402,22907,10.546994368533635,93928,-3.1609317775317267,4.501154484001643
0,"Management, Business, Science, & Arts Occupations",3,"Healthcare Practitioners & Technical Occupations",9,"Health Diagnosing & Treating Practitioners & Other Technical Occupations",2020,"2020","04000US48","Texas",19093,1311.899767512747,0.8147043678067035,"Austin, TX","16000US4805000","austin-tx",184117,31610,18809,1.509915466000319,171564,7.316803058916789,3.393774140624861
0,"Management, Business, Science, & Arts Occupations",3,"Healthcare Practitioners & Technical Occupations",10,"Health Technologists & Technicians",2020,"2020","04000US48","Texas",6712,754.2473069226035,0.6084987406821365,"Austin, TX","16000US4805000","austin-tx",85873,13471,6399,4.891389279574933,82874,3.6187465308782008,1.1930556765240699
1,"Service Occupations",4,"Service Occupations",11,"Healthcare Support Occupations",2020,"2020","04000US48","Texas",9774,999.0005005003751,0.53055381001413,"Austin, TX","16000US4805000","austin-tx",56191,8893,10459,-6.549383306243427,52173,7.701301439441857,1.7373251165593355
1,"Service Occupations",4,"Service Occupations",14,"Food Preparation & Serving Related Occupations",2020,"2020","04000US48","Texas",31600,1556.8278646016072,1.0109094011180937,"Austin, TX","16000US4805000","austin-tx",39074,2709,33910,-6.812149808316131,40809,-4.251513146609817,5.616889061108553
1,"Service Occupations",4,"Service Occupations",15,"Building & Grounds Cleaning & Maintenance Occupations",2020,"2020","04000US48","Texas",17293,1467.280818384811,0.8357775216215851,"Austin, TX","16000US4805000","austin-tx",44998,3879,18476,-6.40290106083568,42418,6.082323541892593,3.0738247637262726
1,"Service Occupations",4,"Service Occupations",16,"Personal Care & Service Occupations",2020,"2020","04000US48","Texas",14641,1341.9556624568488,0.9519905354375331,"Austin, TX","16000US4805000","austin-tx",44180,5870,14786,-0.9806573786013797,43812,0.8399525244225328,2.602432681762352
1,"Service Occupations",5,"Protective Service Occupations",12,"Fire Fighting & Prevention, & Other Protective Service Workers Including Supervisors",2020,"2020","04000US48","Texas",3918,585.7550682665922,0.5940521487072667,"Austin, TX","16000US4805000","austin-tx",63066,21222,4063,-3.5687915333497418,65948,-4.370109783465761,0.6964231437159276
1,"Service Occupations",5,"Protective Service Occupations",13,"Law Enforcement Workers Including Supervisors",2020,"2020","04000US48","Texas",2027,590.7977657371429,0.37269018971309464,"Austin, TX","16000US4805000","austin-tx",101990,21257,1903,6.51602732527588,101597,0.3868224455446519,0.3602985483185771
2,"Sales & Office Occupations",6,"Sales & Office Occupations",17,"Sales & Related Occupations",2020,"2020","04000US48","Texas",57855,2373.4211594236704,1.0279822166498145,"Austin, TX","16000US4805000","austin-tx",81375,5618,57529,0.5666707225920841,81216,0.19577423167848698,10.283706222482133
2,"Sales & Office Occupations",6,"Sales & Office Occupations",18,"Office & Administrative Support Occupations",2020,"2020","04000US48","Texas",53676,1996.7959334894492,0.8425265354268016,"Austin, TX","16000US4805000","austin-tx",72711,3930,54232,-1.0252249594335447,69368,4.819225002883173,9.54089041911591
3,"Natural Resources, Construction, & Maintenance Occupations",7,"Natural Resources, Construction, & Maintenance Occupations",19,"Farming, Fishing, & Forestry Occupations",2020,"2020","04000US48","Texas",633,280.9590717524529,0.17517526426119706,"Austin, TX","16000US4805000","austin-tx",38274,37568,608,4.111842105263158,36938,3.616871514429585,0.11251553087600363
3,"Natural Resources, Construction, & Maintenance Occupations",7,"Natural Resources, Construction, & Maintenance Occupations",20,"Construction & Extraction Occupations",2020,"2020","04000US48","Texas",26374,1683.2409215557943,0.9322845597632562,"Austin, TX","16000US4805000","austin-tx",58682,7404,30167,-12.573341731030595,60728,-3.3691213278882888,4.687969370179652
3,"Natural Resources, Construction, & Maintenance Occupations",7,"Natural Resources, Construction, & Maintenance Occupations",21,"Installation, Maintenance, & Repair Occupations",2020,"2020","04000US48","Texas",10247,936.6546855698742,0.593969351698548,"Austin, TX","16000US4805000","austin-tx",72884,20811,9927,3.223531782008663,71409,2.0655659650744305,1.821400702822131
4,"Production, Transportation, & Material Moving Occupations",8,"Production, Transportation, & Material Moving Occupations",22,"Production Occupations",2020,"2020","04000US48","Texas",14607,1172.0823349918724,0.4650804687784558,"Austin, TX","16000US4805000","austin-tx",65216,4738,14515,0.6338270754392008,60954,6.992158020802572,2.596389193532046
4,"Production, Transportation, & Material Moving Occupations",8,"Production, Transportation, & Material Moving Occupations",23,"Transportation Occupations",2020,"2020","04000US48","Texas",13709,1259.1465363491254,0.6402312498887921,"Austin, TX","16000US4805000","austin-tx",61741,9942,13087,4.752808130205548,61603,0.22401506420141876,2.4367700043904166
0,"Management, Business, Science, & Arts Occupations",0,"Management, Business, & Financial Occupations",0,"Management Occupations",2019,"2019","04000US48","Texas",70602,1980.2186747932665,1.2550974575349754,"Austin, TX","16000US4805000","austin-tx",148166,6152,65711,7.4431982468688656,142643,3.871903984072124,12.815686246036053
0,"Management, Business, Science, & Arts Occupations",0,"Management, Business, & Financial Occupations",1,"Business & Financial Operations Occupations",2019,"2019","04000US48","Texas",40619,1587.0819134499645,1.3760840348765802,"Austin, TX","16000US4805000","austin-tx",127156,8430,37578,8.09250093139603,124152,2.419614665893421,7.373167327097511
0,"Management, Business, Science, & Arts Occupations",1,"Computer, Engineering, & Science Occupations",2,"Computer & Mathematical Occupations",2019,"2019","04000US48","Texas",38342,1385.4335061633235,2.2260002912369035,"Austin, TX","16000US4805000","austin-tx",159578,7402,35351,8.460863907668807,152152,4.880645670119355,6.959845925689277
0,"Management, Business, Science, & Arts Occupations",1,"Computer, Engineering, & Science Occupations",3,"Architecture & Engineering Occupations",2019,"2019","04000US48","Texas",16743,939.6946312499608,1.5970990348057688,"Austin, TX","16000US4805000","austin-tx",162693,7134,16007,4.597988380083713,158070,2.9246536344657432,3.0391920174695
0,"Management, Business, Science, & Arts Occupations",1,"Computer, Engineering, & Science Occupations",4,"Life, Physical, & Social Science Occupations",2019,"2019","04000US48","Texas",6982,702.1573897638619,1.325388059809259,"Austin, TX","16000US4805000","austin-tx",116429,15078,6493,7.5311874326197445,115169,1.0940444043101878,1.2673737481916054
0,"Management, Business, Science, & Arts Occupations",2,"Education, Legal, Community Service, Arts, & Media Occupations",5,"Community & Social Service Occupations",2019,"2019","04000US48","Texas",8064,678.2307866795786,0.8367997897628645,"Austin, TX","16000US4805000","austin-tx",84203,7349,7794,3.4642032332563506,79863,5.434306249452186,1.463778559927973
0,"Management, Business, Science, & Arts Occupations",2,"Education, Legal, Community Service, Arts, & Media Occupations",6,"Legal Occupations",2019,"2019","04000US48","Texas",10599,762.9947575180317,1.7346228320563095,"Austin, TX","16000US4805000","austin-tx",204887,33095,10114,4.795333201502867,195529,4.785990824890426,1.9239321622862828
0,"Management, Business, Science, & Arts Occupations",2,"Education, Legal, Community Service, Arts, & Media Occupations",7,"Education Instruction, & Library Occupations",2019,"2019","04000US48","Texas",36786,1581.3323496343203,1.101929593742187,"Austin, TX","16000US4805000","austin-tx",86105,5073,35535,3.520472773322077,83573,3.0296866212772064,6.677400558719048
0,"Management, Business, Science, & Arts Occupations",2,"Education, Legal, Community Service, Arts, & Media Occupations",8,"Arts, Design, Entertainment, Sports, & Media Occupations",2019,"2019","04000US48","Texas",22907,1168.4763583402105,2.056188014225721,"Austin, TX","16000US4805000","austin-tx",93928,5695,21223,7.934787730292607,86664,8.381796362965014,4.158082275827142
0,"Management, Business, Science, & Arts Occupations",3,"Healthcare Practitioners & Technical Occupations",9,"Health Diagnosing & Treating Practitioners & Other Technical Occupations",2019,"2019","04000US48","Texas",18809,1028.4225785152717,0.8370306925680073,"Austin, TX","16000US4805000","austin-tx",171564,22207,18173,3.49969735321631,169028,1.500343138414937,3.4142126653875544
0,"Management, Business, Science, & Arts Occupations",3,"Healthcare Practitioners & Technical Occupations",10,"Health Technologists & Technicians",2019,"2019","04000US48","Texas",6399,620.2596230611824,0.5965072916797082,"Austin, TX","16000US4805000","austin-tx",82874,7731,6720,-4.7767857142857135,77321,7.181748813388341,1.1615474956571301
1,"Service Occupations",4,"Service Occupations",11,"Healthcare Support Occupations",2019,"2019","04000US48","Texas",10459,886.339099893489,0.5811746839756657,"Austin, TX","16000US4805000","austin-tx",52173,8169,10646,-1.7565282735299643,52295,-0.23329190171144468,1.8985193400653109
1,"Service Occupations",4,"Service Occupations",14,"Food Preparation & Serving Related Occupations",2019,"2019","04000US48","Texas",33910,1746.8397178905682,1.073988946160803,"Austin, TX","16000US4805000","austin-tx",40809,3229,35038,-3.219361835721217,39336,3.7446613788895666,6.1553485822368
1,"Service Occupations",4,"Service Occupations",15,"Building & Grounds Cleaning & Maintenance Occupations",2019,"2019","04000US48","Texas",18476,1387.8508565404281,0.8798884391324614,"Austin, TX","16000US4805000","austin-tx",42418,3679,18561,-0.45794946392974517,39296,7.944828990228013,3.353766452533386
1,"Service Occupations",4,"Service Occupations",16,"Personal Care & Service Occupations",2019,"2019","04000US48","Texas",14786,943.7563244821196,0.9544587864560986,"Austin, TX","16000US4805000","austin-tx",43812,3781,13419,10.187048215217228,42388,3.3594413513258465,2.6839570668520594
1,"Service Occupations",5,"Protective Service Occupations",12,"Fire Fighting & Prevention, & Other Protective Service Workers Including Supervisors",2019,"2019","04000US48","Texas",4063,519.3505559831433,0.6285986686191063,"Austin, TX","16000US4805000","austin-tx",65948,15320,3890,4.447300771208226,68649,-3.934507421812408,0.7375164048843444
1,"Service Occupations",5,"Protective Service Occupations",13,"Law Enforcement Workers Including Supervisors",2019,"2019","04000US48","Texas",1903,340.649379861464,0.3604354743460808,"Austin, TX","16000US4805000","austin-tx",101597,20547,1869,1.8191546281433921,105825,-3.995275218521143,0.3454328620464946
2,"Sales & Office Occupations",6,"Sales & Office Occupations",17,"Sales & Related Occupations",2019,"2019","04000US48","Texas",57529,1950.9610452287354,1.0222717229794462,"Austin, TX","16000US4805000","austin-tx",81216,4521,58206,-1.163110332268151,75431,7.669260648804868,10.442673211073455
2,"Sales & Office Occupations",6,"Sales & Office Occupations",18,"Office & Administrative Support Occupations",2019,"2019","04000US48","Texas",54232,1761.484033421819,0.8624401230561144,"Austin, TX","16000US4805000","austin-tx",69368,3414,53879,0.655171773789417,66635,4.101448187889247,9.844201247769572
3,"Natural Resources, Construction, & Maintenance Occupations",7,"Natural Resources, Construction, & Maintenance Occupations",19,"Farming, Fishing, & Forestry Occupations",2019,"2019","04000US48","Texas",608,188.4728097100481,0.16320213676654932,"Austin, TX","16000US4805000","austin-tx",36938,31874,600,1.3333333333333335,37391,-1.2115214891283999,0.11036425650250588
3,"Natural Resources, Construction, & Maintenance Occupations",7,"Natural Resources, Construction, & Maintenance Occupations",20,"Construction & Extraction Occupations",2019,"2019","04000US48","Texas",30167,1939.175598031287,1.0743989714799447,"Austin, TX","16000US4805000","austin-tx",60728,12032,29303,2.948503566187762,57765,5.129403618107851,5.475918628143249
3,"Natural Resources, Construction, & Maintenance Occupations",7,"Natural Resources, Construction, & Maintenance Occupations",21,"Installation, Maintenance, & Repair Occupations",2019,"2019","04000US48","Texas",9927,807.7078679819826,0.5843549369169071,"Austin, TX","16000US4805000","austin-tx",71409,14201,10472,-5.204354469060352,70856,0.7804561363892966,1.8019506156256182
4,"Production, Transportation, & Material Moving Occupations",8,"Production, Transportation, & Material Moving Occupations",22,"Production Occupations",2019,"2019","04000US48","Texas",14515,1070.8449934514333,0.46037153743670794,"Austin, TX","16000US4805000","austin-tx",60954,3302,14566,-0.35013044075243716,57457,6.086290617331222,2.634765103838607
4,"Production, Transportation, & Material Moving Occupations",8,"Production, Transportation, & Material Moving Occupations",23,"Transportation Occupations",2019,"2019","04000US48","Texas",13087,1124.2975584781814,0.6255590170383706,"Austin, TX","16000US4805000","austin-tx",61603,7700,12778,2.4182188135858507,62802,-1.9091748670424509,2.375554317184695
0,"Management, Business, Science, & Arts Occupations",0,"Management, Business, & Financial Occupations",0,"Management Occupations",2018,"2018","04000US48","Texas",65711,2007.29494594093,1.2295237645481008,"Austin, TX","16000US4805000","austin-tx",142643,3900,65138,0.8796708526512941,137825,3.495737348086341,12.287115086874248
0,"Management, Business, Science, & Arts Occupations",0,"Management, Business, & Financial Occupations",1,"Business & Financial Operations Occupations",2018,"2018","04000US48","Texas",37578,1345.042750249969,1.3218657491454198,"Austin, TX","16000US4805000","austin-tx",124152,7511,32527,15.528637747102408,116726,6.361907372821822,7.026604537057121
0,"Management, Business, Science, & Arts Occupations",1,"Computer, Engineering, & Science Occupations",2,"Computer & Mathematical Occupations",2018,"2018","04000US48","Texas",35351,1507.7841357435752,2.178828769317779,"Austin, TX","16000US4805000","austin-tx",152152,7195,32334,9.330735448753634,147258,3.3234187616292497,6.610184070187511
0,"Management, Business, Science, & Arts Occupations",1,"Computer, Engineering, & Science Occupations",3,"Architecture & Engineering Occupations",2018,"2018","04000US48","Texas",16007,921.6344177601009,1.6199445889911412,"Austin, TX","16000US4805000","austin-tx",158070,11554,14647,9.285177852119888,150786,4.830687199076837,2.9931039125199144
0,"Management, Business, Science, & Arts Occupations",1,"Computer, Engineering, & Science Occupations",4,"Life, Physical, & Social Science Occupations",2018,"2018","04000US48","Texas",6493,592.2035123165008,1.3094089524950852,"Austin, TX","16000US4805000","austin-tx",115169,14020,5798,11.986892031735081,102604,12.246111262718802,1.2141078093329045
0,"Management, Business, Science, & Arts Occupations",2,"Education, Legal, Community Service, Arts, & Media Occupations",5,"Community & Social Service Occupations",2018,"2018","04000US48","Texas",7794,658.522588830482,0.8428731634222982,"Austin, TX","16000US4805000","austin-tx",79863,4862,8164,-4.532092111709947,74078,7.809336105186425,1.4573781404498163
0,"Management, Business, Science, & Arts Occupations",2,"Education, Legal, Community Service, Arts, & Media Occupations",6,"Legal Occupations",2018,"2018","04000US48","Texas",10114,763.3636092976925,1.7141464261513086,"Austin, TX","16000US4805000","austin-tx",195529,24621,9974,1.4036494886705435,191814,1.9367720812870803,1.8911884157697516
0,"Management, Business, Science, & Arts Occupations",2,"Education, Legal, Community Service, Arts, & Media Occupations",7,"Education Instruction, & Library Occupations",2018,"2018","04000US48","Texas",35535,1479.4137352343328,1.1024753888151457,"Austin, TX","16000US4805000","austin-tx",83573,6190,34947,1.682547858185252,80192,4.216131284916201,6.644589712712885
0,"Management, Business, Science, & Arts Occupations",2,"Education, Legal, Community Service, Arts, & Media Occupations",8,"Arts, Design, Entertainment, Sports, & Media Occupations",2018,"2018","04000US48","Texas",21223,1145.4470742902092,1.9819895574664153,"Austin, TX","16000US4805000","austin-tx",86664,6875,20901,1.5405961437251807,80626,7.488899362488527,3.968429083239217
0,"Management, Business, Science, & Arts Occupations",3,"Healthcare Practitioners & Technical Occupations",9,"Health Diagnosing & Treating Practitioners & Other Technical Occupations",2018,"2018","04000US48","Texas",18173,1081.8156035110605,0.8459517112002989,"Austin, TX","16000US4805000","austin-tx",169028,22057,16629,9.284984063984606,176820,-4.4067413188553335,3.398118160943612
0,"Management, Business, Science, & Arts Occupations",3,"Healthcare Practitioners & Technical Occupations",10,"Health Technologists & Technicians",2018,"2018","04000US48","Texas",6720,604.5767114270942,0.6472527073443083,"Austin, TX","16000US4805000","austin-tx",77321,5269,6770,-0.7385524372230428,74684,3.5308767607519687,1.2565539009267084
1,"Service Occupations",4,"Service Occupations",11,"Healthcare Support Occupations",2018,"2018","04000US48","Texas",10646,821.413416009259,0.6121444234284887,"Austin, TX","16000US4805000","austin-tx",52295,8081,8355,27.42070616397367,53420,-2.105952826656683,1.990665599593116
1,"Service Occupations",4,"Service Occupations",14,"Food Preparation & Serving Related Occupations",2018,"2018","04000US48","Texas",35038,1644.3944174072105,1.1358862801677867,"Austin, TX","16000US4805000","austin-tx",39336,2004,33910,3.3264523739309935,37961,3.6221385105766446,6.551657080456848
1,"Service Occupations",4,"Service Occupations",15,"Building & Grounds Cleaning & Maintenance Occupations",2018,"2018","04000US48","Texas",18561,1228.6793723343774,0.8957890725250687,"Austin, TX","16000US4805000","austin-tx",39296,2979,19337,-4.013032011170295,36927,6.415360034662984,3.4706691897471185
1,"Service Occupations",4,"Service Occupations",16,"Personal Care & Service Occupations",2018,"2018","04000US48","Texas",13419,1019.4518134762427,0.889368742297111,"Austin, TX","16000US4805000","austin-tx",42388,5510,16265,-17.497694435905316,41763,1.4965399995211073,2.509181070913021
1,"Service Occupations",5,"Protective Service Occupations",12,"Fire Fighting & Prevention, & Other Protective Service Workers Including Supervisors",2018,"2018","04000US48","Texas",3890,476.30347468814455,0.6205075946513189,"Austin, TX","16000US4805000","austin-tx",68649,14959,4140,-6.038647342995169,53991,27.148969272656554,0.7273801599114429
1,"Service Occupations",5,"Protective Service Occupations",13,"Law Enforcement Workers Including Supervisors",2018,"2018","04000US48","Texas",1869,334.09280147887057,0.3610487044023071,"Austin, TX","16000US4805000","austin-tx",105825,18056,1671,11.8491921005386,97478,8.562957795605163,0.3494790536952408
2,"Sales & Office Occupations",6,"Sales & Office Occupations",17,"Sales & Related Occupations",2018,"2018","04000US48","Texas",58206,1945.9755908027214,1.0458880247490197,"Austin, TX","16000US4805000","austin-tx",75431,5232,56210,3.5509695783668387,70357,7.211791292977245,10.883776243651786
2,"Sales & Office Occupations",6,"Sales & Office Occupations",18,"Office & Administrative Support Occupations",2018,"2018","04000US48","Texas",53879,1865.464285372411,0.8636673429072994,"Austin, TX","16000US4805000","austin-tx",66635,3308,57573,-6.416202039150296,61769,7.8777380239278605,10.074682682742578
3,"Natural Resources, Construction, & Maintenance Occupations",7,"Natural Resources, Construction, & Maintenance Occupations",19,"Farming, Fishing, & Forestry Occupations",2018,"2018","04000US48","Texas",600,192.91708063310517,0.1603794621484119,"Austin, TX","16000US4805000","austin-tx",37391,23947,692,-13.294797687861271,43628,-14.295865040799486,0.11219231258274183
3,"Natural Resources, Construction, & Maintenance Occupations",7,"Natural Resources, Construction, & Maintenance Occupations",20,"Construction & Extraction Occupations",2018,"2018","04000US48","Texas",29303,1948.4599046426383,1.0783203369307492,"Austin, TX","16000US4805000","austin-tx",57765,15650,28964,1.1704184504902637,54678,5.645780752770767,5.479285559353473
3,"Natural Resources, Construction, & Maintenance Occupations",7,"Natural Resources, Construction, & Maintenance Occupations",21,"Installation, Maintenance, & Repair Occupations",2018,"2018","04000US48","Texas",10472,933.9743037150432,0.6331172443725429,"Austin, TX","16000US4805000","austin-tx",70856,11822,10706,-2.1856902671399214,68394,3.5997309705529723,1.9581298289441207
4,"Production, Transportation, & Material Moving Occupations",8,"Production, Transportation, & Material Moving Occupations",22,"Production Occupations",2018,"2018","04000US48","Texas",14566,1124.3709352344538,0.4694291698348332,"Austin, TX","16000US4805000","austin-tx",57457,3652,14607,-0.28068734168549325,54665,5.107472788804537,2.7236553751336956
4,"Production, Transportation, & Material Moving Occupations",8,"Production, Transportation, & Material Moving Occupations",23,"Transportation Occupations",2018,"2018","04000US48","Texas",12778,920.3227694673212,0.6396951583377147,"Austin, TX","16000US4805000","austin-tx",62802,6569,12392,3.114912846998063,58029,8.225197745954608,2.3893222836371253
0,"Management, Business, Science, & Arts Occupations",0,"Management, Business, & Financial Occupations",0,"Management Occupations",2017,"2017","04000US48","Texas",65138,1910.198157260131,1.2264822407604918,"Austin, TX","16000US4805000","austin-tx",137825,4690,62221,4.688127802510406,133586,3.17323671642238,12.553891459661145
0,"Management, Business, Science, & Arts Occupations",0,"Management, Business, & Financial Occupations",1,"Business & Financial Operations Occupations",2017,"2017","04000US48","Texas",32527,1350.8071661047702,1.2879049060788548,"Austin, TX","16000US4805000","austin-tx",116726,5558,31840,2.157663316582915,112111,4.116456012344908,6.268851169952994
0,"Management, Business, Science, & Arts Occupations",1,"Computer, Engineering, & Science Occupations",2,"Computer & Mathematical Occupations",2017,"2017","04000US48","Texas",32334,1388.1819045067543,2.1637525201069585,"Austin, TX","16000US4805000","austin-tx",147258,8275,30198,7.073316113649911,144129,2.1709718377287013,6.231654740039355
0,"Management, Business, Science, & Arts Occupations",1,"Computer, Engineering, & Science Occupations",3,"Architecture & Engineering Occupations",2017,"2017","04000US48","Texas",14647,923.2296572359447,1.535465001411489,"Austin, TX","16000US4805000","austin-tx",150786,9694,14312,2.340693124650643,145199,3.847822643406635,2.8228813934977555
0,"Management, Business, Science, & Arts Occupations",1,"Computer, Engineering, & Science Occupations",4,"Life, Physical, & Social Science Occupations",2017,"2017","04000US48","Texas",5798,446.9720349194119,1.2735028024427055,"Austin, TX","16000US4805000","austin-tx",102604,13524,5845,-0.8041060735671515,99919,2.6871766130565757,1.1174347183382254
0,"Management, Business, Science, & Arts Occupations",2,"Education, Legal, Community Service, Arts, & Media Occupations",5,"Community & Social Service Occupations",2017,"2017","04000US48","Texas",8164,750.7343071952953,0.9212530922343687,"Austin, TX","16000US4805000","austin-tx",74078,5246,7904,3.289473684210526,71949,2.959040431416698,1.5734282581085328
0,"Management, Business, Science, & Arts Occupations",2,"Education, Legal, Community Service, Arts, & Media Occupations",6,"Legal Occupations",2017,"2017","04000US48","Texas",9974,710.9043536229048,1.6960881063009847,"Austin, TX","16000US4805000","austin-tx",191814,20036,9444,5.612028801355358,184098,4.191245966822018,1.9222652433089789
0,"Management, Business, Science, & Arts Occupations",2,"Education, Legal, Community Service, Arts, & Media Occupations",7,"Education Instruction, & Library Occupations",2017,"2017","04000US48","Texas",34947,1470.2720836634287,1.1146536355459264,"Austin, TX","16000US4805000","austin-tx",80192,6634,33755,3.5313286920456233,77376,3.6393713813068653,6.735252000994474
0,"Management, Business, Science, & Arts Occupations",2,"Education, Legal, Community Service, Arts, & Media Occupations",8,"Arts, Design, Entertainment, Sports, & Media Occupations",2017,"2017","04000US48","Texas",20901,960.1874816930284,2.0375045286882236,"Austin, TX","16000US4805000","austin-tx",80626,5544,19709,6.047998376376275,75713,6.488978114722703,4.028199904792558
0,"Management, Business, Science, & Arts Occupations",3,"Healthcare Practitioners & Technical Occupations",9,"Health Diagnosing & Treating Practitioners & Other Technical Occupations",2017,"2017","04000US48","Texas",16629,916.5424158215484,0.8025318747053174,"Austin, TX","16000US4805000","austin-tx",176820,23709,16647,-0.10812759055685708,166126,6.4372825445746,3.2048675286730512
0,"Management, Business, Science, & Arts Occupations",3,"Healthcare Practitioners & Technical Occupations",10,"Health Technologists & Technicians",2017,"2017","04000US48","Texas",6770,661.8655452582495,0.6898243192303337,"Austin, TX","16000US4805000","austin-tx",74684,7027,6459,4.814986840068122,70937,5.282151768470614,1.304765961219349
1,"Service Occupations",4,"Service Occupations",11,"Healthcare Support Occupations",2017,"2017","04000US48","Texas",8355,805.7803670976353,0.673768726295634,"Austin, TX","16000US4805000","austin-tx",53420,7087,8934,-6.480859637340497,51544,3.6396088778519324,1.6102392327899058
1,"Service Occupations",4,"Service Occupations",14,"Food Preparation & Serving Related Occupations",2017,"2017","04000US48","Texas",33910,1563.2392651158682,1.1273283043723528,"Austin, TX","16000US4805000","austin-tx",37961,1907,34403,-1.433014562683487,36050,5.300970873786408,6.535393463064716
1,"Service Occupations",4,"Service Occupations",15,"Building & Grounds Cleaning & Maintenance Occupations",2017,"2017","04000US48","Texas",19337,1282.7197667456442,0.9546704505402425,"Austin, TX","16000US4805000","austin-tx",36927,2375,19325,0.062095730918499355,35539,3.905568530346943,3.7267739131607907
1,"Service Occupations",4,"Service Occupations",16,"Personal Care & Service Occupations",2017,"2017","04000US48","Texas",16265,1166.164653897553,0.8416936175850582,"Austin, TX","16000US4805000","austin-tx",41763,3394,16605,-2.0475760313158684,40883,2.15248391752073,3.134714676400696
1,"Service Occupations",5,"Protective Service Occupations",12,"Fire Fighting & Prevention, & Other Protective Service Workers Including Supervisors",2017,"2017","04000US48","Texas",4140,525.3808142671371,0.6735858274382815,"Austin, TX","16000US4805000","austin-tx",53991,10876,4326,-4.2995839112343965,56544,-4.5150679117147705,0.7978923307899711
1,"Service Occupations",5,"Protective Service Occupations",13,"Law Enforcement Workers Including Supervisors",2017,"2017","04000US48","Texas",1671,347.6794500685941,0.33159969931636013,"Austin, TX","16000US4805000","austin-tx",97478,13657,1884,-11.305732484076433,96366,1.1539339601104124,0.32204784655798113
2,"Sales & Office Occupations",6,"Sales & Office Occupations",17,"Sales & Related Occupations",2017,"2017","04000US48","Texas",56210,2125.399962360026,1.0271975179056638,"Austin, TX","16000US4805000","austin-tx",70357,4607,55697,0.9210549939853134,66188,6.298724844382668,10.833219302827121
2,"Sales & Office Occupations",6,"Sales & Office Occupations",18,"Office & Administrative Support Occupations",2017,"2017","04000US48","Texas",57573,1934.8808748861002,0.8544082626924782,"Austin, TX","16000US4805000","austin-tx",61769,1712,58076,-0.8661064811626145,60744,1.6874094560779664,11.095907043616187
3,"Natural Resources, Construction, & Maintenance Occupations",7,"Natural Resources, Construction, & Maintenance Occupations",19,"Farming, Fishing, & Forestry Occupations",2017,"2017","04000US48","Texas",692,234.43762496664223,0.1886825938755189,"Austin, TX","16000US4805000","austin-tx",43628,56287,678,2.0648967551622417,42659,2.2715019104995426,0.13336751036392758
3,"Natural Resources, Construction, & Maintenance Occupations",7,"Natural Resources, Construction, & Maintenance Occupations",20,"Construction & Extraction Occupations",2017,"2017","04000US48","Texas",28964,1676.5852200231277,1.1082549878572878,"Austin, TX","16000US4805000","austin-tx",54678,17009,28452,1.7995220019682272,63193,-13.474593704998972,5.5821626736716725
3,"Natural Resources, Construction, & Maintenance Occupations",7,"Natural Resources, Construction, & Maintenance Occupations",21,"Installation, Maintenance, & Repair Occupations",2017,"2017","04000US48","Texas",10706,854.3079070218186,0.6581120903943817,"Austin, TX","16000US4805000","austin-tx",68394,15212,10740,-0.3165735567970205,70397,-2.845291702771425,2.06334185831822
4,"Production, Transportation, & Material Moving Occupations",8,"Production, Transportation, & Material Moving Occupations",22,"Production Occupations",2017,"2017","04000US48","Texas",14607,977.370451773533,0.4794476321592049,"Austin, TX","16000US4805000","austin-tx",54665,3230,14290,2.218334499650105,52770,3.591055523971954,2.815172288852442
4,"Production, Transportation, & Material Moving Occupations",8,"Production, Transportation, & Material Moving Occupations",23,"Transportation Occupations",2017,"2017","04000US48","Texas",12392,944.2722065167438,0.6495704459704258,"Austin, TX","16000US4805000","austin-tx",58029,6747,10556,17.392951875710498,54331,6.806427269882756,2.388280619118194
0,"Management, Business, Science, & Arts Occupations",0,"Management, Business, & Financial Occupations",0,"Management Occupations",2016,"2016","04000US48","Texas",62221,1739.8212551868655,1.2192533104041974,"Austin, TX","16000US4805000","austin-tx",133586,6239,57022,9.117533583529164,127827,4.505307955283313,12.235944229218699
0,"Management, Business, Science, & Arts Occupations",0,"Management, Business, & Financial Occupations",1,"Business & Financial Operations Occupations",2016,"2016","04000US48","Texas",31840,1269.4002520875756,1.2983013922537119,"Austin, TX","16000US4805000","austin-tx",112111,4315,30880,3.1088082901554404,109913,1.9997634492735161,6.261430453678393
0,"Management, Business, Science, & Arts Occupations",1,"Computer, Engineering, & Science Occupations",2,"Computer & Mathematical Occupations",2016,"2016","04000US48","Texas",30198,1412.813505031715,2.1278362001244364,"Austin, TX","16000US4805000","austin-tx",144129,6494,28679,5.296558457407859,140822,2.348354660493389,5.938526282668974
0,"Management, Business, Science, & Arts Occupations",1,"Computer, Engineering, & Science Occupations",3,"Architecture & Engineering Occupations",2016,"2016","04000US48","Texas",14312,944.797332765075,1.538425525804624,"Austin, TX","16000US4805000","austin-tx",145199,9520,14065,1.756132243156772,139178,4.3261147595165905,2.814497256691117
0,"Management, Business, Science, & Arts Occupations",1,"Computer, Engineering, & Science Occupations",4,"Life, Physical, & Social Science Occupations",2016,"2016","04000US48","Texas",5845,577.9152186956146,1.312890183252964,"Austin, TX","16000US4805000","austin-tx",99919,12442,5800,0.7758620689655172,105990,-5.727898858382866,1.149436589250949
0,"Management, Business, Science, & Arts Occupations",2,"Education, Legal, Community Service, Arts, & Media Occupations",5,"Community & Social Service Occupations",2016,"2016","04000US48","Texas",7904,583.1569257069661,0.9203016239385039,"Austin, TX","16000US4805000","austin-tx",71949,5492,8246,-4.147465437788019,71849,0.13918078191763283,1.5543450472950384
0,"Management, Business, Science, & Arts Occupations",2,"Education, Legal, Community Service, Arts, & Media Occupations",6,"Legal Occupations",2016,"2016","04000US48","Texas",9444,737.6618466479069,1.6241216552650095,"Austin, TX","16000US4805000","austin-tx",184098,18417,9143,3.292136060374057,178571,3.095127428305828,1.857190615720438
0,"Management, Business, Science, & Arts Occupations",2,"Education, Legal, Community Service, Arts, & Media Occupations",7,"Education Instruction, & Library Occupations",2016,"2016","04000US48","Texas",33755,1403.1122549532522,1.0965760851658892,"Austin, TX","16000US4805000","austin-tx",77376,7419,34202,-1.3069411145547045,78690,-1.6698436904308045,6.638020884545043
0,"Management, Business, Science, & Arts Occupations",2,"Education, Legal, Community Service, Arts, & Media Occupations",8,"Arts, Design, Entertainment, Sports, & Media Occupations",2016,"2016","04000US48","Texas",19709,1157.2143275988249,1.9829537709267115,"Austin, TX","16000US4805000","austin-tx",75713,5685,18703,5.3788162326899425,72976,3.750548125411094,3.875833316945586
0,"Management, Business, Science, & Arts Occupations",3,"Healthcare Practitioners & Technical Occupations",9,"Health Diagnosing & Treating Practitioners & Other Technical Occupations",2016,"2016","04000US48","Texas",16647,827.0671073135479,0.8287379034530341,"Austin, TX","16000US4805000","austin-tx",166126,18476,15098,10.259637038018282,157071,5.76490886287093,3.2736819334919667
0,"Management, Business, Science, & Arts Occupations",3,"Healthcare Practitioners & Technical Occupations",10,"Health Technologists & Technicians",2016,"2016","04000US48","Texas",6459,635.7436590324751,0.6869826681347077,"Austin, TX","16000US4805000","austin-tx",70937,7042,6074,6.3384919328284495,70701,0.3338000876932434,1.2701815106880887
1,"Service Occupations",4,"Service Occupations",11,"Healthcare Support Occupations",2016,"2016","04000US48","Texas",8934,846.29368424915,0.719316419453206,"Austin, TX","16000US4805000","austin-tx",51544,6489,8724,2.407152682255846,50970,1.1261526388071414,1.756897602800338
1,"Service Occupations",4,"Service Occupations",14,"Food Preparation & Serving Related Occupations",2016,"2016","04000US48","Texas",34403,1573.523434842964,1.1654049266375006,"Austin, TX","16000US4805000","austin-tx",36050,1599,34450,-0.13642960812772134,33259,8.39171352115217,6.765452006843523
1,"Service Occupations",4,"Service Occupations",15,"Building & Grounds Cleaning & Maintenance Occupations",2016,"2016","04000US48","Texas",19325,1172.4137494928998,0.9629277902629787,"Austin, TX","16000US4805000","austin-tx",35539,2281,19555,-1.1761697775504987,33468,6.188000478068602,3.8003185778057462
1,"Service Occupations",4,"Service Occupations",16,"Personal Care & Service Occupations",2016,"2016","04000US48","Texas",16605,963.6871899117472,0.8793277067940632,"Austin, TX","16000US4805000","austin-tx",40883,4682,16612,-0.04213821333975439,38166,7.118901640203322,3.2654225088985465
1,"Service Occupations",5,"Protective Service Occupations",12,"Fire Fighting & Prevention, & Other Protective Service Workers Including Supervisors",2016,"2016","04000US48","Texas",4326,536.674948176268,0.7083396430604818,"Austin, TX","16000US4805000","austin-tx",56544,11725,4388,-1.4129443938012762,55387,2.0889378373986673,0.8507207331222592
1,"Service Occupations",5,"Protective Service Occupations",13,"Law Enforcement Workers Including Supervisors",2016,"2016","04000US48","Texas",1884,342.14762895568924,0.37978031432625664,"Austin, TX","16000US4805000","austin-tx",96366,10952,1967,-4.219623792577529,101153,-4.732435024171305,0.37049418890483965
2,"Sales & Office Occupations",6,"Sales & Office Occupations",17,"Sales & Related Occupations",2016,"2016","04000US48","Texas",55697,1818.7715634460528,1.0250846911328786,"Austin, TX","16000US4805000","austin-tx",66188,2770,52177,6.7462675125055105,63363,4.458437889620125,10.952980275707459
2,"Sales & Office Occupations",6,"Sales & Office Occupations",18,"Office & Administrative Support Occupations",2016,"2016","04000US48","Texas",58076,1617.4448985977854,0.8682037075117077,"Austin, TX","16000US4805000","austin-tx",60744,1624,56909,2.05064225342213,59242,2.535363424597414,11.420817683034748
3,"Natural Resources, Construction, & Maintenance Occupations",7,"Natural Resources, Construction, & Maintenance Occupations",19,"Farming, Fishing, & Forestry Occupations",2016,"2016","04000US48","Texas",678,196.0229578391266,0.18665581467151784,"Austin, TX","16000US4805000","austin-tx",42659,35084,557,21.723518850987432,57927,-26.357311788975778,0.13333071129377985
3,"Natural Resources, Construction, & Maintenance Occupations",7,"Natural Resources, Construction, & Maintenance Occupations",20,"Construction & Extraction Occupations",2016,"2016","04000US48","Texas",28452,1497.8200826534542,1.118385730319803,"Austin, TX","16000US4805000","austin-tx",63193,17180,27386,3.892499817424962,58431,8.149783505331074,5.595170203142515
3,"Natural Resources, Construction, & Maintenance Occupations",7,"Natural Resources, Construction, & Maintenance Occupations",21,"Installation, Maintenance, & Repair Occupations",2016,"2016","04000US48","Texas",10740,849.0995230242448,0.6636541732047347,"Austin, TX","16000US4805000","austin-tx",70397,22173,10163,5.677457443668208,62805,12.088209537457208,2.112052860317398
4,"Production, Transportation, & Material Moving Occupations",8,"Production, Transportation, & Material Moving Occupations",22,"Production Occupations",2016,"2016","04000US48","Texas",14290,932.6199654736114,0.4742064405597348,"Austin, TX","16000US4805000","austin-tx",52770,4062,14187,0.7260167759216184,51615,2.2377215925603022,2.810170891427897
4,"Production, Transportation, & Material Moving Occupations",8,"Production, Transportation, & Material Moving Occupations",23,"Transportation Occupations",2016,"2016","04000US48","Texas",10556,678.9941089582442,0.5696983675779922,"Austin, TX","16000US4805000","austin-tx",54331,3820,9749,8.27777207918761,53222,2.083724775468791,2.075868714479558
0,"Management, Business, Science, & Arts Occupations",0,"Management, Business, & Financial Occupations",0,"Management Occupations",2015,"2015","04000US48","Texas",57022,1953.6276513194625,1.1762176659553256,"Austin, TX","16000US4805000","austin-tx",127827,5997,53599,6.386313177484655,128408,-0.45246402093327515,11.62215265208955
0,"Management, Business, Science, & Arts Occupations",0,"Management, Business, & Financial Occupations",1,"Business & Financial Operations Occupations",2015,"2015","04000US48","Texas",30880,1271.6854957103192,1.311305996078951,"Austin, TX","16000US4805000","austin-tx",109913,5305,29802,3.6172068988658475,111198,-1.1555963236748863,6.2939229402077315
0,"Management, Business, Science, & Arts Occupations",1,"Computer, Engineering, & Science Occupations",2,"Computer & Mathematical Occupations",2015,"2015","04000US48","Texas",28679,1221.1879462228571,2.1564109060429733,"Austin, TX","16000US4805000","austin-tx",140822,5708,25915,10.665637661585954,138008,2.039012231175004,5.845317875719481
0,"Management, Business, Science, & Arts Occupations",1,"Computer, Engineering, & Science Occupations",3,"Architecture & Engineering Occupations",2015,"2015","04000US48","Texas",14065,878.0279038846089,1.5702365870933346,"Austin, TX","16000US4805000","austin-tx",139178,10946,13778,2.0830309188561476,131846,5.561033326760008,2.8667106915162486
0,"Management, Business, Science, & Arts Occupations",1,"Computer, Engineering, & Science Occupations",4,"Life, Physical, & Social Science Occupations",2015,"2015","04000US48","Texas",5800,558.9221770515105,1.3464198072086386,"Austin, TX","16000US4805000","austin-tx",105990,16684,5021,15.514837681736706,95214,11.317663368832315,1.182148738769587
0,"Management, Business, Science, & Arts Occupations",2,"Education, Legal, Community Service, Arts, & Media Occupations",5,"Community & Social Service Occupations",2015,"2015","04000US48","Texas",8246,668.1915892915744,1.0016517771769562,"Austin, TX","16000US4805000","austin-tx",71849,3377,7836,5.232261357835631,72614,-1.0535158509378357,1.6806893965334506
0,"Management, Business, Science, & Arts Occupations",2,"Education, Legal, Community Service, Arts, & Media Occupations",6,"Legal Occupations",2015,"2015","04000US48","Texas",9143,630.0991985394046,1.6164506179341658,"Austin, TX","16000US4805000","austin-tx",178571,19950,9119,0.2631867529334357,173722,2.7912411784345106,1.8635148135466093
0,"Management, Business, Science, & Arts Occupations",2,"Education, Legal, Community Service, Arts, & Media Occupations",7,"Education Instruction, & Library Occupations",2015,"2015","04000US48","Texas",34202,1346.3153419611617,1.1469379885622175,"Austin, TX","16000US4805000","austin-tx",78690,6096,33988,0.6296339884665176,77981,0.9091958297534015,6.971008821275417
0,"Management, Business, Science, & Arts Occupations",2,"Education, Legal, Community Service, Arts, & Media Occupations",8,"Arts, Design, Entertainment, Sports, & Media Occupations",2015,"2015","04000US48","Texas",18703,1106.618723861114,1.9771407310983768,"Austin, TX","16000US4805000","austin-tx",72976,6876,17365,7.705154045493809,67694,7.802759476467634,3.812022045035791
0,"Management, Business, Science, & Arts Occupations",3,"Healthcare Practitioners & Technical Occupations",9,"Health Diagnosing & Treating Practitioners & Other Technical Occupations",2015,"2015","04000US48","Texas",15098,862.897444659561,0.7862739247940097,"Austin, TX","16000US4805000","austin-tx",157071,24207,13719,10.051753043224725,162998,-3.636240935471601,3.077255458266073
0,"Management, Business, Science, & Arts Occupations",3,"Healthcare Practitioners & Technical Occupations",10,"Health Technologists & Technicians",2015,"2015","04000US48","Texas",6074,749.9873332263685,0.6816655579860574,"Austin, TX","16000US4805000","austin-tx",70701,9445,6124,-0.8164598301763554,73025,-3.18247175624786,1.2379950757390468
1,"Service Occupations",4,"Service Occupations",11,"Healthcare Support Occupations",2015,"2015","04000US48","Texas",8724,740,0.7158297341573856,"Austin, TX","16000US4805000","austin-tx",50970,3448,7897,10.472331265037356,50444,1.0427404646736975,1.7781147581079098
1,"Service Occupations",4,"Service Occupations",14,"Food Preparation & Serving Related Occupations",2015,"2015","04000US48","Texas",34450,1602.6381375719225,1.212250067748297,"Austin, TX","16000US4805000","austin-tx",33259,1645,34162,0.8430419764650782,32424,2.5752528990870958,7.021555870795219
1,"Service Occupations",4,"Service Occupations",15,"Building & Grounds Cleaning & Maintenance Occupations",2015,"2015","04000US48","Texas",19555,1222.7939319443813,1.001952959011277,"Austin, TX","16000US4805000","austin-tx",33468,2342,19325,1.1901681759379044,32416,3.2453109575518266,3.9856756183860815
1,"Service Occupations",4,"Service Occupations",16,"Personal Care & Service Occupations",2015,"2015","04000US48","Texas",16612,1038.4454728102,0.9190822350403934,"Austin, TX","16000US4805000","austin-tx",38166,3529,16656,-0.2641690682036503,35253,8.26312654242192,3.3858370428345483
1,"Service Occupations",5,"Protective Service Occupations",12,"Fire Fighting & Prevention, & Other Protective Service Workers Including Supervisors",2015,"2015","04000US48","Texas",4388,544.6475924852693,0.7313845405859083,"Austin, TX","16000US4805000","austin-tx",55387,13111,4219,4.0056885517895235,53514,3.500018686698808,0.8943566665036117
1,"Service Occupations",5,"Protective Service Occupations",13,"Law Enforcement Workers Including Supervisors",2015,"2015","04000US48","Texas",1967,372.36138360469124,0.4070824073048331,"Austin, TX","16000US4805000","austin-tx",101153,21198,1763,11.571185479296652,94620,6.904459945043332,0.4009114774413409
2,"Sales & Office Occupations",6,"Sales & Office Occupations",17,"Sales & Related Occupations",2015,"2015","04000US48","Texas",52177,1833.7941542059732,0.9871339092868551,"Austin, TX","16000US4805000","austin-tx",63363,3396,50782,2.747036351463117,61960,2.264364105874758,10.634650817720818
2,"Sales & Office Occupations",6,"Sales & Office Occupations",18,"Office & Administrative Support Occupations",2015,"2015","04000US48","Texas",56909,1901.2006732588748,0.8715545823254235,"Austin, TX","16000US4805000","austin-tx",59242,2277,55056,3.365664051147922,57886,2.342535328058598,11.599121133558349
3,"Natural Resources, Construction, & Maintenance Occupations",7,"Natural Resources, Construction, & Maintenance Occupations",19,"Farming, Fishing, & Forestry Occupations",2015,"2015","04000US48","Texas",557,198.17164277464119,0.15592196629646987,"Austin, TX","16000US4805000","austin-tx",57927,28998,506,10.079051383399209,45953,26.057058298696496,0.1135270426714931
3,"Natural Resources, Construction, & Maintenance Occupations",7,"Natural Resources, Construction, & Maintenance Occupations",20,"Construction & Extraction Occupations",2015,"2015","04000US48","Texas",27386,1588.0179470018593,1.1169464396769753,"Austin, TX","16000US4805000","austin-tx",58431,15225,27269,0.4290586380138619,53264,9.700735956743767,5.581780234473087
3,"Natural Resources, Construction, & Maintenance Occupations",7,"Natural Resources, Construction, & Maintenance Occupations",21,"Installation, Maintenance, & Repair Occupations",2015,"2015","04000US48","Texas",10163,810.4615968693397,0.6431892745908846,"Austin, TX","16000US4805000","austin-tx",62805,11806,9877,2.895616077756404,60410,3.9645754014236054,2.071409936571605
4,"Production, Transportation, & Material Moving Occupations",8,"Production, Transportation, & Material Moving Occupations",22,"Production Occupations",2015,"2015","04000US48","Texas",14187,990.1843262746587,0.48472768647624354,"Austin, TX","16000US4805000","austin-tx",51615,3343,13859,2.3666931236019915,50881,1.4425817102651284,2.8915765787800223
4,"Production, Transportation, & Material Moving Occupations",8,"Production, Transportation, & Material Moving Occupations",23,"Transportation Occupations",2015,"2015","04000US48","Texas",9749,711.7197482155458,0.5518082071203723,"Austin, TX","16000US4805000","austin-tx",53222,5359,8705,11.993107409534751,50191,6.0389312825008465,1.9870289748732246
0,"Management, Business, Science, & Arts Occupations",0,"Management, Business, & Financial Occupations",0,"Management Occupations",2014,"2014","04000US48","Texas",53599,1615.3095678537907,1.1628017855946842,"Austin, TX","16000US4805000","austin-tx",128408,5015,51069,4.954081732557912,126711,1.3392680982708685,11.346945688186043
0,"Management, Business, Science, & Arts Occupations",0,"Management, Business, & Financial Occupations",1,"Business & Financial Operations Occupations",2014,"2014","04000US48","Texas",29802,1220.7940039171226,1.3205074211666776,"Austin, TX","16000US4805000","austin-tx",111198,5204,28483,4.630832426359583,110820,0.3410936654033568,6.309104188498302
0,"Management, Business, Science, & Arts Occupations",1,"Computer, Engineering, & Science Occupations",2,"Computer & Mathematical Occupations",2014,"2014","04000US48","Texas",25915,1007.3906888590939,2.082117443888455,"Austin, TX","16000US4805000","austin-tx",138008,5963,24425,6.100307062436029,135934,1.5257404328571218,5.486223577106687
0,"Management, Business, Science, & Arts Occupations",1,"Computer, Engineering, & Science Occupations",3,"Architecture & Engineering Occupations",2014,"2014","04000US48","Texas",13778,790.666807195041,1.5967734255090955,"Austin, TX","16000US4805000","austin-tx",131846,9124,13421,2.6600104314134567,133683,-1.3741463013247757,2.916812210896235
0,"Management, Business, Science, & Arts Occupations",1,"Computer, Engineering, & Science Occupations",4,"Life, Physical, & Social Science Occupations",2014,"2014","04000US48","Texas",5021,408.324625757497,1.2091412338655785,"Austin, TX","16000US4805000","austin-tx",95214,13908,5047,-0.5151575193184069,92349,3.102361693142319,1.062949202417622
0,"Management, Business, Science, & Arts Occupations",2,"Education, Legal, Community Service, Arts, & Media Occupations",5,"Community & Social Service Occupations",2014,"2014","04000US48","Texas",7836,627.6941930590085,0.991724592150366,"Austin, TX","16000US4805000","austin-tx",72614,4610,7613,2.929200052541705,72904,-0.39778338637111815,1.6588866660315646
0,"Management, Business, Science, & Arts Occupations",2,"Education, Legal, Community Service, Arts, & Media Occupations",6,"Legal Occupations",2014,"2014","04000US48","Texas",9119,711.8047485090276,1.658931371577801,"Austin, TX","16000US4805000","austin-tx",173722,14093,8933,2.082167245046457,166669,4.2317407556294215,1.9304986609930879
0,"Management, Business, Science, & Arts Occupations",2,"Education, Legal, Community Service, Arts, & Media Occupations",7,"Education Instruction, & Library Occupations",2014,"2014","04000US48","Texas",33988,1344.7773049839886,1.174481052469945,"Austin, TX","16000US4805000","austin-tx",77981,7324,32570,4.353699723672091,78228,-0.3157437234749706,7.195283308458501
0,"Management, Business, Science, & Arts Occupations",2,"Education, Legal, Community Service, Arts, & Media Occupations",8,"Arts, Design, Entertainment, Sports, & Media Occupations",2014,"2014","04000US48","Texas",17365,1005.1034772599287,1.923044219385282,"Austin, TX","16000US4805000","austin-tx",67694,6333,17153,1.235935404885443,67132,0.8371566466066854,3.6761826130217097
0,"Management, Business, Science, & Arts Occupations",3,"Healthcare Practitioners & Technical Occupations",9,"Health Diagnosing & Treating Practitioners & Other Technical Occupations",2014,"2014","04000US48","Texas",13719,695.4775337852402,0.7482101438260274,"Austin, TX","16000US4805000","austin-tx",162998,20694,12665,8.322147651006711,169027,-3.566885763812882,2.904321869740561
0,"Management, Business, Science, & Arts Occupations",3,"Healthcare Practitioners & Technical Occupations",10,"Health Technologists & Technicians",2014,"2014","04000US48","Texas",6124,653.6176252213522,0.7267382028426526,"Austin, TX","16000US4805000","austin-tx",73025,7267,5610,9.162210338680927,73653,-0.8526468711389895,1.2964550718194616
1,"Service Occupations",4,"Service Occupations",11,"Healthcare Support Occupations",2014,"2014","04000US48","Texas",7897,647.0123646422842,0.666051564043655,"Austin, TX","16000US4805000","austin-tx",50444,3958,7475,5.645484949832777,49456,1.9977353607246846,1.6718004085823464
1,"Service Occupations",4,"Service Occupations",14,"Food Preparation & Serving Related Occupations",2014,"2014","04000US48","Texas",34162,1827.1206856691213,1.2552372082757182,"Austin, TX","16000US4805000","austin-tx",32424,1415,32719,4.410281487820533,31505,2.9169973020155533,7.232119229832862
1,"Service Occupations",4,"Service Occupations",15,"Building & Grounds Cleaning & Maintenance Occupations",2014,"2014","04000US48","Texas",19325,1214.3199743066075,1.0209487000508994,"Austin, TX","16000US4805000","austin-tx",32416,1872,19150,0.9138381201044387,32447,-0.09554041976145715,4.091115980227155
1,"Service Occupations",4,"Service Occupations",16,"Personal Care & Service Occupations",2014,"2014","04000US48","Texas",16656,999.8064812752517,0.9649454951000063,"Austin, TX","16000US4805000","austin-tx",35253,3763,16717,-0.3648980080157923,34502,2.176685409541476,3.5260868184560668
1,"Service Occupations",5,"Protective Service Occupations",12,"Fire Fighting & Prevention, & Other Protective Service Workers Including Supervisors",2014,"2014","04000US48","Texas",4219,564.0939638039039,0.7240998430649297,"Austin, TX","16000US4805000","austin-tx",53514,14246,4067,3.7373985738873863,55279,-3.192894227464317,0.8931652429794755
1,"Service Occupations",5,"Protective Service Occupations",13,"Law Enforcement Workers Including Supervisors",2014,"2014","04000US48","Texas",1763,310.41262860908216,0.37419184058010263,"Austin, TX","16000US4805000","austin-tx",94620,11703,1770,-0.39548022598870053,91856,3.009057655460721,0.37322832978734666
2,"Sales & Office Occupations",6,"Sales & Office Occupations",17,"Sales & Related Occupations",2014,"2014","04000US48","Texas",50782,1536.0240883527836,0.9897464132568551,"Austin, TX","16000US4805000","austin-tx",61960,3041,49694,2.1893991226304985,62486,-0.8417885606375828,10.750584823176993
2,"Sales & Office Occupations",6,"Sales & Office Occupations",18,"Office & Administrative Support Occupations",2014,"2014","04000US48","Texas",55056,1699.7026210487527,0.8637416167459375,"Austin, TX","16000US4805000","austin-tx",57886,3020,54388,1.2282121056115318,56981,1.5882487144837754,11.655393604521928
3,"Natural Resources, Construction, & Maintenance Occupations",7,"Natural Resources, Construction, & Maintenance Occupations",19,"Farming, Fishing, & Forestry Occupations",2014,"2014","04000US48","Texas",506,215.00000000000003,0.14623090580441672,"Austin, TX","16000US4805000","austin-tx",45953,35163,598,-15.384615384615385,43665,5.239894652467651,0.10712055296222202
3,"Natural Resources, Construction, & Maintenance Occupations",7,"Natural Resources, Construction, & Maintenance Occupations",20,"Construction & Extraction Occupations",2014,"2014","04000US48","Texas",27269,1415.6217715194975,1.1549592270944,"Austin, TX","16000US4805000","austin-tx",53264,11294,28003,-2.6211477341713385,48014,10.93431082600908,5.772866321594529
3,"Natural Resources, Construction, & Maintenance Occupations",7,"Natural Resources, Construction, & Maintenance Occupations",21,"Installation, Maintenance, & Repair Occupations",2014,"2014","04000US48","Texas",9877,813.6172318725802,0.6441764726961142,"Austin, TX","16000US4805000","austin-tx",60410,6558,9648,2.3735489220563846,58755,2.81678155050634,2.090967789738867
4,"Production, Transportation, & Material Moving Occupations",8,"Production, Transportation, & Material Moving Occupations",22,"Production Occupations",2014,"2014","04000US48","Texas",13859,937.42199675493,0.4926882103992061,"Austin, TX","16000US4805000","austin-tx",50881,4976,12985,6.730843280708509,50406,0.942348133158751,2.9339599673980925
4,"Production, Transportation, & Material Moving Occupations",8,"Production, Transportation, & Material Moving Occupations",23,"Transportation Occupations",2014,"2014","04000US48","Texas",8705,689.7427056518974,0.5168771970620499,"Austin, TX","16000US4805000","austin-tx",50191,6123,7666,13.553352465431775,49025,2.3783783783783785,1.8428545722058154
0,"Management, Business, Science, & Arts Occupations",0,"Management, Business, & Financial Occupations",0,"Management Occupations",2013,"2013","04000US48","Texas",51069,1447.737890641811,1.1495361790796448,"Austin, TX","16000US4805000","austin-tx",126711,5647,,NaN,,NaN,11.155965948188294
0,"Management, Business, Science, & Arts Occupations",0,"Management, Business, & Financial Occupations",1,"Business & Financial Operations Occupations",2013,"2013","04000US48","Texas",28483,1283.991432993227,1.3096170603436095,"Austin, TX","16000US4805000","austin-tx",110820,5316,,NaN,,NaN,6.222079502286068
0,"Management, Business, Science, & Arts Occupations",1,"Computer, Engineering, & Science Occupations",2,"Computer & Mathematical Occupations",2013,"2013","04000US48","Texas",24425,1012.0879408430872,2.0742805436089684,"Austin, TX","16000US4805000","austin-tx",135934,6559,,NaN,,NaN,5.33561393966005
0,"Management, Business, Science, & Arts Occupations",1,"Computer, Engineering, & Science Occupations",3,"Architecture & Engineering Occupations",2013,"2013","04000US48","Texas",13421,882.8822118493497,1.5958686042870553,"Austin, TX","16000US4805000","austin-tx",133683,11803,,NaN,,NaN,2.9318024435691923
0,"Management, Business, Science, & Arts Occupations",1,"Computer, Engineering, & Science Occupations",4,"Life, Physical, & Social Science Occupations",2013,"2013","04000US48","Texas",5047,492.8863966473411,1.2569248987071746,"Austin, TX","16000US4805000","austin-tx",92349,12557,,NaN,,NaN,1.1025115067948525
0,"Management, Business, Science, & Arts Occupations",2,"Education, Legal, Community Service, Arts, & Media Occupations",5,"Community & Social Service Occupations",2013,"2013","04000US48","Texas",7613,676.9911373127421,0.999660072049288,"Austin, TX","16000US4805000","austin-tx",72904,4207,,NaN,,NaN,1.6630513376717282
0,"Management, Business, Science, & Arts Occupations",2,"Education, Legal, Community Service, Arts, & Media Occupations",6,"Legal Occupations",2013,"2013","04000US48","Texas",8933,661.7099062277971,1.6625767226330248,"Austin, TX","16000US4805000","austin-tx",166669,17620,,NaN,,NaN,1.9514038617393334
0,"Management, Business, Science, & Arts Occupations",2,"Education, Legal, Community Service, Arts, & Media Occupations",7,"Education Instruction, & Library Occupations",2013,"2013","04000US48","Texas",32570,1461.704484497465,1.1581663434257958,"Austin, TX","16000US4805000","austin-tx",78228,6903,,NaN,,NaN,7.114880082486298
0,"Management, Business, Science, & Arts Occupations",2,"Education, Legal, Community Service, Arts, & Media Occupations",8,"Arts, Design, Entertainment, Sports, & Media Occupations",2013,"2013","04000US48","Texas",17153,852.2171084882067,1.9816433275802823,"Austin, TX","16000US4805000","austin-tx",67132,5118,,NaN,,NaN,3.747053670705786
0,"Management, Business, Science, & Arts Occupations",3,"Healthcare Practitioners & Technical Occupations",9,"Health Diagnosing & Treating Practitioners & Other Technical Occupations",2013,"2013","04000US48","Texas",12665,820.5095977500812,0.7217727045876806,"Austin, TX","16000US4805000","austin-tx",169027,12456,,NaN,,NaN,2.7666550888759276
0,"Management, Business, Science, & Arts Occupations",3,"Healthcare Practitioners & Technical Occupations",10,"Health Technologists & Technicians",2013,"2013","04000US48","Texas",5610,606.2878854141817,0.7029665059741493,"Austin, TX","16000US4805000","austin-tx",73653,10133,,NaN,,NaN,1.2254982272873236
1,"Service Occupations",4,"Service Occupations",11,"Healthcare Support Occupations",2013,"2013","04000US48","Texas",7475,752.8133898915454,0.6473596454009352,"Austin, TX","16000US4805000","austin-tx",49456,7435,,NaN,,NaN,1.632905391973751
1,"Service Occupations",4,"Service Occupations",14,"Food Preparation & Serving Related Occupations",2013,"2013","04000US48","Texas",32719,1575.839141536978,1.255751492737434,"Austin, TX","16000US4805000","austin-tx",31505,1539,,NaN,,NaN,7.147428965884838
1,"Service Occupations",4,"Service Occupations",15,"Building & Grounds Cleaning & Maintenance Occupations",2013,"2013","04000US48","Texas",19150,1139.265114009904,1.0458706296982587,"Austin, TX","16000US4805000","austin-tx",32447,1924,,NaN,,NaN,4.183296087798975
1,"Service Occupations",4,"Service Occupations",16,"Personal Care & Service Occupations",2013,"2013","04000US48","Texas",16717,896.170742660125,1.0085337548605673,"Austin, TX","16000US4805000","austin-tx",34502,3062,,NaN,,NaN,3.651809958210729
1,"Service Occupations",5,"Protective Service Occupations",12,"Fire Fighting & Prevention, & Other Protective Service Workers Including Supervisors",2013,"2013","04000US48","Texas",4067,482.17113144608726,0.7193839781120587,"Austin, TX","16000US4805000","austin-tx",55279,10014,,NaN,,NaN,0.8884316025628423
1,"Service Occupations",5,"Protective Service Occupations",13,"Law Enforcement Workers Including Supervisors",2013,"2013","04000US48","Texas",1770,335.5964838909967,0.3838731078615128,"Austin, TX","16000US4805000","austin-tx",91856,13572,,NaN,,NaN,0.38665452090883473
2,"Sales & Office Occupations",6,"Sales & Office Occupations",17,"Sales & Related Occupations",2013,"2013","04000US48","Texas",49694,1507.7910995890643,0.992103074779148,"Austin, TX","16000US4805000","austin-tx",62486,3159,,NaN,,NaN,10.855598735617871
2,"Sales & Office Occupations",6,"Sales & Office Occupations",18,"Office & Administrative Support Occupations",2013,"2013","04000US48","Texas",54388,1647.0170005194238,0.867261300292612,"Austin, TX","16000US4805000","austin-tx",56981,2325,,NaN,,NaN,11.880997787112827
3,"Natural Resources, Construction, & Maintenance Occupations",7,"Natural Resources, Construction, & Maintenance Occupations",19,"Farming, Fishing, & Forestry Occupations",2013,"2013","04000US48","Texas",598,198.8793604173143,0.17976983078514197,"Austin, TX","16000US4805000","austin-tx",43665,54498,,NaN,,NaN,0.1306324313579001
3,"Natural Resources, Construction, & Maintenance Occupations",7,"Natural Resources, Construction, & Maintenance Occupations",20,"Construction & Extraction Occupations",2013,"2013","04000US48","Texas",28003,1667.3841788861978,1.2107804009642735,"Austin, TX","16000US4805000","austin-tx",48014,3474,,NaN,,NaN,6.117224038988756
3,"Natural Resources, Construction, & Maintenance Occupations",7,"Natural Resources, Construction, & Maintenance Occupations",21,"Installation, Maintenance, & Repair Occupations",2013,"2013","04000US48","Texas",9648,676.3268440628392,0.6409278687948378,"Austin, TX","16000US4805000","austin-tx",58755,4978,,NaN,,NaN,2.1075948122759534
4,"Production, Transportation, & Material Moving Occupations",8,"Production, Transportation, & Material Moving Occupations",22,"Production Occupations",2013,"2013","04000US48","Texas",12985,866.3405796798394,0.4767416796945222,"Austin, TX","16000US4805000","austin-tx",50406,4180,,NaN,,NaN,2.836558731074135
4,"Production, Transportation, & Material Moving Occupations",8,"Production, Transportation, & Material Moving Occupations",23,"Transportation Occupations",2013,"2013","04000US48","Texas",7666,576.5847726050351,0.471552240743106,"Austin, TX","16000US4805000","austin-tx",49025,7577,,NaN,,NaN,1.6746291284108064